x,y,z,nx,ny,nz
0,0,0,0,0,1
10,0,0,0,0,1
20,0,0,0,0,1
30,0,0,0,0,1
40,0,0,0,0,1
50,0,0,0,0,1
60,0,0,0,0,1
70,0,0,0,0,1
80,0,0,0,0,1
90,0,0,0,0,1
100,0,0,0,0,1
101,0.469303395,0,0,0,1
102,0.927050983,0,0,0,1
103,1.361971499,0,0,0,1
104,1.763355757,0,0,0,1
105,2.121320344,0,0,0,1
106,2.427050983,0,0,0,1
107,2.673019573,0,0,0,1
108,2.853169549,0,0,0,1
109,2.963065022,0,0,0,1
110,3,0,0,0,1
111,2.963065022,0,0,0,1
112,2.853169549,0,0,0,1
113,2.673019573,0,0,0,1
114,2.427050983,0,0,0,1
115,2.121320344,0,0,0,1
116,1.763355757,0,0,0,1
117,1.361971499,0,0,0,1
118,0.927050983,0,0,0,1
119,0.469303395,0,0,0,1
120,3.68E-16,0,0,0,1
121,-0.469303395,0,0,0,1
122,-0.927050983,0,0,0,1
123,-1.361971499,0,0,0,1
124,-1.763355757,0,0,0,1
125,-2.121320344,0,0,0,1
126,-2.427050983,0,0,0,1
127,-2.673019573,0,0,0,1
128,-2.853169549,0,0,0,1
129,-2.963065022,0,0,0,1
130,-3,0,0,0,1
131,-2.963065022,0,0,0,1
132,-2.853169549,0,0,0,1
133,-2.673019573,0,0,0,1
134,-2.427050983,0,0,0,1
135,-2.121320344,0,0,0,1
136,-1.763355757,0,0,0,1
137,-1.361971499,0,0,0,1
138,-0.927050983,0,0,0,1
139,-0.469303395,0,0,0,1
140,-7.35E-16,0,0,0,1
141,0.469303395,0,0,0,1
142,0.927050983,0,0,0,1
143,1.361971499,0,0,0,1
144,1.763355757,0,0,0,1
145,2.121320344,0,0,0,1
146,2.427050983,0,0,0,1
147,2.673019573,0,0,0,1
148,2.853169549,0,0,0,1
149,2.963065022,0,0,0,1
150,3,0,0,0,1
151,2.963065022,0,0,0,1
152,2.853169549,0,0,0,1
153,2.673019573,0,0,0,1
154,2.427050983,0,0,0,1
155,2.121320344,0,0,0,1
156,1.763355757,0,0,0,1
157,1.361971499,0,0,0,1
158,0.927050983,0,0,0,1
159,0.469303395,0,0,0,1
160,1.10E-15,0,0,0,1
161,-0.469303395,0,0,0,1
162,-0.927050983,0,0,0,1
163,-1.361971499,0,0,0,1
164,-1.763355757,0,0,0,1
165,-2.121320344,0,0,0,1
166,-2.427050983,0,0,0,1
167,-2.673019573,0,0,0,1
168,-2.853169549,0,0,0,1
169,-2.963065022,0,0,0,1
170,-3,0,0,0,1
171,-2.963065022,0,0,0,1
172,-2.853169549,0,0,0,1
173,-2.673019573,0,0,0,1
174,-2.427050983,0,0,0,1
175,-2.121320344,0,0,0,1
176,-1.763355757,0,0,0,1
177,-1.361971499,0,0,0,1
178,-0.927050983,0,0,0,1
179,-0.469303395,0,0,0,1
180,-1.47E-15,0,0,0,1
181,0.469303395,0,0,0,1
182,0.927050983,0,0,0,1
183,1.361971499,0,0,0,1
184,1.763355757,0,0,0,1
185,2.121320344,0,0,0,1
186,2.427050983,0,0,0,1
187,2.673019573,0,0,0,1
188,2.853169549,0,0,0,1
189,2.963065022,0,0,0,1
190,3,0,0,0,1
191,2.963065022,0,0,0,1
192,2.853169549,0,0,0,1
193,2.673019573,0,0,0,1
194,2.427050983,0,0,0,1
195,2.121320344,0,0,0,1
196,1.763355757,0,0,0,1
197,1.361971499,0,0,0,1
198,0.927050983,0,0,0,1
199,0.469303395,0,0,0,1
200,1.84E-15,0,0,0,1
201.5707317,-0.012336752,0,0,0,1
203.1410759,-0.049343963,0,0,0,1
204.7106451,-0.111012504,0,0,0,1
206.279052,-0.197327157,0,0,0,1
207.8459096,-0.308266627,0,0,0,1
209.4108313,-0.44380354,0,0,0,1
210.9734311,-0.603904454,0,0,0,1
212.5333234,-0.788529869,0,0,0,1
214.0901232,-0.997634228,0,0,0,1
215.6434465,-1.23116594,0,0,0,1
217.19291,-1.489067385,0,0,0,1
218.7381315,-1.771274927,0,0,0,1
220.2787295,-2.077718938,0,0,0,1
221.8143241,-2.408323806,0,0,0,1
223.3445364,-2.76300796,0,0,0,1
224.8689887,-3.141683887,0,0,0,1
226.387305,-3.544258154,0,0,0,1
227.8991106,-3.970631432,0,0,0,1
229.4040325,-4.42069852,0,0,0,1
230.9016994,-4.89434837,0,0,0,1
232.3917418,-5.391464117,0,0,0,1
233.873792,-5.911923105,0,0,0,1
235.3474844,-6.455596917,0,0,0,1
236.8124553,-7.022351411,0,0,0,1
238.2683432,-7.612046749,0,0,0,1
239.7147891,-8.224537432,0,0,0,1
241.1514359,-8.859672336,0,0,0,1
242.5779292,-9.517294753,0,0,0,1
243.993917,-10.19724242,0,0,0,1
245.39905,-10.89934758,0,0,0,1
246.7929814,-11.62343699,0,0,0,1
248.1753674,-12.369332,0,0,0,1
249.5458668,-13.13684856,0,0,0,1
250.9041416,-13.9257973,0,0,0,1
252.2498565,-14.73598356,0,0,0,1
253.5826795,-15.56720745,0,0,0,1
254.9022818,-16.41926386,0,0,0,1
256.2083378,-17.29194257,0,0,0,1
257.5005252,-18.18502826,0,0,0,1
258.7785252,-19.09830056,0,0,0,1
260.0420225,-20.03153415,0,0,0,1
261.2907054,-20.98449876,0,0,0,1
262.5242656,-21.95695927,0,0,0,1
263.742399,-22.94867572,0,0,0,1
264.9448048,-23.95940344,0,0,0,1
266.1311865,-24.98889304,0,0,0,1
267.3012514,-26.0368905,0,0,0,1
268.4547106,-27.10313726,0,0,0,1
269.5912797,-28.18737022,0,0,0,1
270.7106781,-29.28932188,0,0,0,1
271.8126298,-30.40872034,0,0,0,1
272.8968627,-31.54528941,0,0,0,1
273.9631095,-32.69874865,0,0,0,1
275.011107,-33.86881347,0,0,0,1
276.0405966,-35.05519517,0,0,0,1
277.0513243,-36.25760103,0,0,0,1
278.0430407,-37.47573437,0,0,0,1
279.0155012,-38.70929463,0,0,0,1
279.9684658,-39.95797747,0,0,0,1
280.9016994,-41.22147477,0,0,0,1
281.8149717,-42.4994748,0,0,0,1
282.7080574,-43.79166221,0,0,0,1
283.5807361,-45.0977182,0,0,0,1
284.4327926,-46.4173205,0,0,0,1
285.2640164,-47.75014353,0,0,0,1
286.0742027,-49.09585842,0,0,0,1
286.8631514,-50.45413316,0,0,0,1
287.630668,-51.82463259,0,0,0,1
288.376563,-53.20701857,0,0,0,1
289.1006524,-54.60095003,0,0,0,1
289.8027576,-56.00608301,0,0,0,1
290.4827052,-57.42207084,0,0,0,1
291.1403277,-58.84856414,0,0,0,1
291.7754626,-60.28521094,0,0,0,1
292.3879533,-61.73165676,0,0,0,1
292.9776486,-63.18754473,0,0,0,1
293.5444031,-64.65251562,0,0,0,1
294.0880769,-66.12620798,0,0,0,1
294.6085359,-67.60825818,0,0,0,1
295.1056516,-69.09830056,0,0,0,1
295.5793015,-70.59596748,0,0,0,1
296.0293686,-72.1008894,0,0,0,1
296.4557418,-73.612695,0,0,0,1
296.8583161,-75.13101128,0,0,0,1
297.236992,-76.65546361,0,0,0,1
297.5916762,-78.18567586,0,0,0,1
297.9222811,-79.72127046,0,0,0,1
298.2287251,-81.26186854,0,0,0,1
298.5109326,-82.80708997,0,0,0,1
298.7688341,-84.3565535,0,0,0,1
299.0023658,-85.90987681,0,0,0,1
299.2114701,-87.46667664,0,0,0,1
299.3960955,-89.02656889,0,0,0,1
299.5561965,-90.58916867,0,0,0,1
299.6917334,-92.15409043,0,0,0,1
299.8026728,-93.72094805,0,0,0,1
299.8889875,-95.28935493,0,0,0,1
299.950656,-96.85892409,0,0,0,1
299.9876632,-98.42926827,0,0,0,1
300,-100,0,0,0,1
299.9876632,-101.5707317,0,0,0,1
299.950656,-103.1410759,0,0,0,1
299.8889875,-104.7106451,0,0,0,1
299.8026728,-106.279052,0,0,0,1
299.6917334,-107.8459096,0,0,0,1
299.5561965,-109.4108313,0,0,0,1
299.3960955,-110.9734311,0,0,0,1
299.2114701,-112.5333234,0,0,0,1
299.0023658,-114.0901232,0,0,0,1
298.7688341,-115.6434465,0,0,0,1
298.5109326,-117.19291,0,0,0,1
298.2287251,-118.7381315,0,0,0,1
297.9222811,-120.2787295,0,0,0,1
297.5916762,-121.8143241,0,0,0,1
297.236992,-123.3445364,0,0,0,1
296.8583161,-124.8689887,0,0,0,1
296.4557418,-126.387305,0,0,0,1
296.0293686,-127.8991106,0,0,0,1
295.5793015,-129.4040325,0,0,0,1
295.1056516,-130.9016994,0,0,0,1
294.6085359,-132.3917418,0,0,0,1
294.0880769,-133.873792,0,0,0,1
293.5444031,-135.3474844,0,0,0,1
292.9776486,-136.8124553,0,0,0,1
292.3879533,-138.2683432,0,0,0,1
291.7754626,-139.7147891,0,0,0,1
291.1403277,-141.1514359,0,0,0,1
290.4827052,-142.5779292,0,0,0,1
289.8027576,-143.993917,0,0,0,1
289.1006524,-145.39905,0,0,0,1
288.376563,-146.7929814,0,0,0,1
287.630668,-148.1753674,0,0,0,1
286.8631514,-149.5458668,0,0,0,1
286.0742027,-150.9041416,0,0,0,1
285.2640164,-152.2498565,0,0,0,1
284.4327926,-153.5826795,0,0,0,1
283.5807361,-154.9022818,0,0,0,1
282.7080574,-156.2083378,0,0,0,1
281.8149717,-157.5005252,0,0,0,1
280.9016994,-158.7785252,0,0,0,1
279.9684658,-160.0420225,0,0,0,1
279.0155012,-161.2907054,0,0,0,1
278.0430407,-162.5242656,0,0,0,1
277.0513243,-163.742399,0,0,0,1
276.0405966,-164.9448048,0,0,0,1
275.011107,-166.1311865,0,0,0,1
273.9631095,-167.3012514,0,0,0,1
272.8968627,-168.4547106,0,0,0,1
271.8126298,-169.5912797,0,0,0,1
270.7106781,-170.7106781,0,0,0,1
269.5912797,-171.8126298,0,0,0,1
268.4547106,-172.8968627,0,0,0,1
267.3012514,-173.9631095,0,0,0,1
266.1311865,-175.011107,0,0,0,1
264.9448048,-176.0405966,0,0,0,1
263.742399,-177.0513243,0,0,0,1
262.5242656,-178.0430407,0,0,0,1
261.2907054,-179.0155012,0,0,0,1
260.0420225,-179.9684658,0,0,0,1
258.7785252,-180.9016994,0,0,0,1
257.5005252,-181.8149717,0,0,0,1
256.2083378,-182.7080574,0,0,0,1
254.9022818,-183.5807361,0,0,0,1
253.5826795,-184.4327926,0,0,0,1
252.2498565,-185.2640164,0,0,0,1
250.9041416,-186.0742027,0,0,0,1
249.5458668,-186.8631514,0,0,0,1
248.1753674,-187.630668,0,0,0,1
246.7929814,-188.376563,0,0,0,1
245.39905,-189.1006524,0,0,0,1
243.993917,-189.8027576,0,0,0,1
242.5779292,-190.4827052,0,0,0,1
241.1514359,-191.1403277,0,0,0,1
239.7147891,-191.7754626,0,0,0,1
238.2683432,-192.3879533,0,0,0,1
236.8124553,-192.9776486,0,0,0,1
235.3474844,-193.5444031,0,0,0,1
233.873792,-194.0880769,0,0,0,1
232.3917418,-194.6085359,0,0,0,1
230.9016994,-195.1056516,0,0,0,1
229.4040325,-195.5793015,0,0,0,1
227.8991106,-196.0293686,0,0,0,1
226.387305,-196.4557418,0,0,0,1
224.8689887,-196.8583161,0,0,0,1
223.3445364,-197.236992,0,0,0,1
221.8143241,-197.5916762,0,0,0,1
220.2787295,-197.9222811,0,0,0,1
218.7381315,-198.2287251,0,0,0,1
217.19291,-198.5109326,0,0,0,1
215.6434465,-198.7688341,0,0,0,1
214.0901232,-199.0023658,0,0,0,1
212.5333234,-199.2114701,0,0,0,1
210.9734311,-199.3960955,0,0,0,1
209.4108313,-199.5561965,0,0,0,1
207.8459096,-199.6917334,0,0,0,1
206.279052,-199.8026728,0,0,0,1
204.7106451,-199.8889875,0,0,0,1
203.1410759,-199.950656,0,0,0,1
201.5707317,-199.9876632,0,0,0,1
200,-200,0,0,0,1
199,-199.8343113,0,0,0,1
198,-199.6672373,0,0,0,1
197,-199.4989729,0,0,0,1
196,-199.3297232,0,0,0,1
195,-199.1597037,0,0,0,1
194,-198.98914,0,0,0,1
193,-198.8182681,0,0,0,1
192,-198.6473338,0,0,0,1
191,-198.4765928,0,0,0,1
190,-198.3063104,0,0,0,1
189,-198.1367616,0,0,0,1
188,-197.9682303,0,0,0,1
187,-197.8010095,0,0,0,1
186,-197.6354006,0,0,0,1
185,-197.4717131,0,0,0,1
184,-197.3102644,0,0,0,1
183,-197.1513787,0,0,0,1
182,-196.9953872,0,0,0,1
181,-196.842627,0,0,0,1
180,-196.6934407,0,0,0,1
179,-196.5481756,0,0,0,1
178,-196.4071829,0,0,0,1
177,-196.2708174,0,0,0,1
176,-196.1394359,0,0,0,1
175,-196.0133967,0,0,0,1
174,-195.893059,0,0,0,1
173,-195.7787813,0,0,0,1
172,-195.6709206,0,0,0,1
171,-195.5698314,0,0,0,1
170,-195.4758647,0,0,0,1
169,-195.3893664,0,0,0,1
168,-195.3106764,0,0,0,1
167,-195.2401273,0,0,0,1
166,-195.1780428,0,0,0,1
165,-195.124737,0,0,0,1
164,-195.0805124,0,0,0,1
163,-195.0456587,0,0,0,1
162,-195.0204517,0,0,0,1
161,-195.0051511,0,0,0,1
160,-195,0,0,0,1
159,-195.0052226,0,0,0,1
158,-195.0210233,0,0,0,1
157,-195.0475847,0,0,0,1
156,-195.0850666,0,0,0,1
155,-195.1336042,0,0,0,1
154,-195.1933068,0,0,0,1
153,-195.2642565,0,0,0,1
152,-195.3465063,0,0,0,1
151,-195.4400793,0,0,0,1
150,-195.5449674,0,0,0,1
149,-195.6611294,0,0,0,1
148,-195.7884904,0,0,0,1
147,-195.9269408,0,0,0,1
146,-196.0763345,0,0,0,1
145,-196.2364888,0,0,0,1
144,-196.4071829,0,0,0,1
143,-196.5881578,0,0,0,1
142,-196.7791149,0,0,0,1
141,-196.979716,0,0,0,1
140,-197.1895831,0,0,0,1
139,-197.4082976,0,0,0,1
138,-197.6354006,0,0,0,1
137,-197.8703929,0,0,0,1
136,-198.1127354,0,0,0,1
135,-198.3618491,0,0,0,1
134,-198.6171163,0,0,0,1
133,-198.8778808,0,0,0,1
132,-199.1434495,0,0,0,1
131,-199.413093,0,0,0,1
130,-199.6860474,0,0,0,1
129,-199.9615159,0,0,0,1
128,-200.2386703,0,0,0,1
127,-200.5166535,0,0,0,1
126,-200.7945815,0,0,0,1
125,-201.0715458,0,0,0,1
124,-201.3466162,0,0,0,1
123,-201.618844,0,0,0,1
122,-201.8872646,0,0,0,1
121,-202.1509013,0,0,0,1
120,-202.4087684,0,0,0,1
119,-202.6598754,0,0,0,1
118,-202.9032306,0,0,0,1
117,-203.1378454,0,0,0,1
116,-203.3627383,0,0,0,1
115,-203.5769396,0,0,0,1
114,-203.7794959,0,0,0,1
113,-203.9694745,0,0,0,1
112,-204.1459685,0,0,0,1
111,-204.3081015,0,0,0,1
110,-204.4550326,0,0,0,1
109,-204.5859613,0,0,0,1
108,-204.7001323,0,0,0,1
107,-204.7968408,0,0,0,1
106,-204.8754372,0,0,0,1
105,-204.935332,0,0,0,1
104,-204.9760006,0,0,0,1
103,-204.9969875,0,0,0,1
102,-204.9979117,0,0,0,1
101,-204.9784701,0,0,0,1
100,-204.9384417,0,0,0,1
99,-204.8776919,0,0,0,1
98,-204.7961755,0,0,0,1
97,-204.6939399,0,0,0,1
96,-204.5711283,0,0,0,1
95,-204.4279818,0,0,0,1
94,-204.2648415,0,0,0,1
93,-204.0821498,0,0,0,1
92,-203.8804522,0,0,0,1
91,-203.6603969,0,0,0,1
90,-203.4227355,0,0,0,1
89,-203.1683223,0,0,0,1
88,-202.8981128,0,0,0,1
87,-202.6131625,0,0,0,1
86,-202.3146239,0,0,0,1
85,-202.0037442,0,0,0,1
84,-201.6818608,0,0,0,1
83,-201.3503977,0,0,0,1
82,-201.01086,0,0,0,1
81,-200.6648283,0,0,0,1
80,-200.3139526,0,0,0,1
79,-199.9599451,0,0,0,1
78,-199.6045727,0,0,0,1
77,-199.2496485,0,0,0,1
76,-198.8970235,0,0,0,1
75,-198.5485766,0,0,0,1
74,-198.2062051,0,0,0,1
73,-197.8718142,0,0,0,1
72,-197.5473061,0,0,0,1
71,-197.2345688,0,0,0,1
70,-196.9354647,0,0,0,1
69,-196.6518185,0,0,0,1
68,-196.3854054,0,0,0,1
67,-196.137939,0,0,0,1
66,-195.9110587,0,0,0,1
65,-195.706318,0,0,0,1
64,-195.5251725,0,0,0,1
63,-195.3689673,0,0,0,1
62,-195.2389264,0,0,0,1
61,-195.1361408,0,0,0,1
60,-195.0615583,0,0,0,1
59,-195.0159729,0,0,0,1
58,-195.0000158,0,0,0,1
57,-195.0141464,0,0,0,1
56,-195.0586447,0,0,0,1
55,-195.1336042,0,0,0,1
54,-195.2389264,0,0,0,1
53,-195.3743157,0,0,0,1
52,-195.5392764,0,0,0,1
51,-195.7331101,0,0,0,1
50,-195.954915,0,0,0,1
49,-196.2035867,0,0,0,1
48,-196.4778198,0,0,0,1
47,-196.7761122,0,0,0,1
46,-197.0967694,0,0,0,1
45,-197.437912,0,0,0,1
44,-197.7974833,0,0,0,1
43,-198.1732601,0,0,0,1
42,-198.5628631,0,0,0,1
41,-198.9637708,0,0,0,1
40,-199.3733338,0,0,0,1
39,-199.7887908,0,0,0,1
38,-200.2072857,0,0,0,1
37,-200.625887,0,0,0,1
36,-201.041607,0,0,0,1
35,-201.4514234,0,0,0,1
34,-201.8523009,0,0,0,1
33,-202.241214,0,0,0,1
32,-202.615171,0,0,0,1
31,-202.971237,0,0,0,1
30,-203.3065593,0,0,0,1
29,-203.618391,0,0,0,1
28,-203.9041155,0,0,0,1
27,-204.161271,0,0,0,1
26,-204.3875735,0,0,0,1
25,-204.5809398,0,0,0,1
24,-204.7395097,0,0,0,1
23,-204.8616662,0,0,0,1
22,-204.9460553,0,0,0,1
21,-204.9916033,0,0,0,1
20,-204.9975328,0,0,0,1
19,-204.9633767,0,0,0,1
18,-204.8889893,0,0,0,1
17,-204.774556,0,0,0,1
16,-204.620599,0,0,0,1
15,-204.4279818,0,0,0,1
14,-204.1979097,0,0,0,1
13,-203.9319274,0,0,0,1
12,-203.6319139,0,0,0,1
11,-203.3000739,0,0,0,1
10,-202.9389263,0,0,0,1
9,-202.5512888,0,0,0,1
8,-202.1402601,0,0,0,1
7,-201.7091986,0,0,0,1
6,-201.2616979,0,0,0,1
5,-200.8015595,0,0,0,1
4,-200.3327627,0,0,0,1
3,-199.8594323,0,0,0,1
2,-199.3858031,0,0,0,1
1,-198.9161832,0,0,0,1
0,-198.454915,0,0,0,1
-1,-198.0063347,0,0,0,1
-2,-197.5747308,0,0,0,1
-3,-197.1643021,0,0,0,1
-4,-196.7791149,0,0,0,1
-5,-196.4230604,0,0,0,1
-6,-196.099813,0,0,0,1
-7,-195.812789,0,0,0,1
-8,-195.565107,0,0,0,1
-9,-195.3595504,0,0,0,1
-10,-195.1985316,0,0,0,1
-11,-195.0840598,0,0,0,1
-12,-195.0177114,0,0,0,1
-13,-195.0006046,0,0,0,1
-14,-195.0333773,0,0,0,1
-15,-195.1161706,0,0,0,1
-16,-195.2486157,0,0,0,1
-17,-195.4298269,0,0,0,1
-18,-195.6583998,0,0,0,1
-19,-195.9324144,0,0,0,1
-20,-196.2494447,0,0,0,1
-21,-196.606573,0,0,0,1
-22,-197.0004117,0,0,0,1
-23,-197.4271289,0,0,0,1
-24,-197.8824806,0,0,0,1
-25,-198.3618491,0,0,0,1
-26,-198.8602848,0,0,0,1
-27,-199.3725546,0,0,0,1
-28,-199.893194,0,0,0,1
-29,-200.416563,0,0,0,1
-30,-200.9369066,0,0,0,1
-31,-201.4484168,0,0,0,1
-32,-201.9452982,0,0,0,1
-33,-202.4218344,0,0,0,1
-34,-202.8724554,0,0,0,1
-35,-203.2918055,0,0,0,1
-36,-203.6748097,0,0,0,1
-37,-204.0167393,0,0,0,1
-38,-204.3132747,0,0,0,1
-39,-204.5605648,0,0,0,1
-40,-204.7552826,0,0,0,1
-41,-204.8946757,0,0,0,1
-42,-204.9766115,0,0,0,1
-43,-204.999615,0,0,0,1
-44,-204.9629007,0,0,0,1
-45,-204.8663958,0,0,0,1
-46,-204.7107555,0,0,0,1
-47,-204.4973695,0,0,0,1
-48,-204.2283597,0,0,0,1
-49,-203.9065677,0,0,0,1
-50,-203.5355339,0,0,0,1
-51,-203.1194662,0,0,0,1
-52,-202.6631998,0,0,0,1
-53,-202.1721477,0,0,0,1
-54,-201.6522425,0,0,0,1
-55,-201.1098698,0,0,0,1
-56,-200.5517941,0,0,0,1
-57,-199.9850775,0,0,0,1
-58,-199.416993,0,0,0,1
-59,-198.8549324,0,0,0,1
-60,-198.3063104,0,0,0,1
-61,-197.7784657,0,0,0,1
-62,-197.2785616,0,0,0,1
-63,-196.8134853,0,0,0,1
-64,-196.3897496,0,0,0,1
-65,-196.0133967,0,0,0,1
-66,-195.6899067,0,0,0,1
-67,-195.4241106,0,0,0,1
-68,-195.2201121,0,0,0,1
-69,-195.0812158,0,0,0,1
-70,-195.0098664,0,0,0,1
-71,-195.0075977,0,0,0,1
-72,-195.0749945,0,0,0,1
-73,-195.2116656,0,0,0,1
-74,-195.4162321,0,0,0,1
-75,-195.6863281,0,0,0,1
-76,-196.018617,0,0,0,1
-77,-196.408822,0,0,0,1
-78,-196.8517707,0,0,0,1
-79,-197.3414548,0,0,0,1
-80,-197.8711035,0,0,0,1
-81,-198.4332694,0,0,0,1
-82,-199.019927,0,0,0,1
-83,-199.6225828,0,0,0,1
-84,-200.2323941,0,0,0,1
-85,-200.8402963,0,0,0,1
-86,-201.4371369,0,0,0,1
-87,-202.0138133,0,0,0,1
-88,-202.5614136,0,0,0,1
-89,-203.0713571,0,0,0,1
-90,-203.5355339,0,0,0,1
-91,-203.9464387,0,0,0,1
-92,-204.2972997,0,0,0,1
-93,-204.5821979,0,0,0,1
-94,-204.7961755,0,0,0,1
-95,-204.935332,0,0,0,1
-96,-204.9969052,0,0,0,1
-97,-204.9793349,0,0,0,1
-98,-204.8823097,0,0,0,1
-99,-204.7067935,0,0,0,1
-100,-204.4550326,0,0,0,1
-101,-204.1305406,0,0,0,1
-102,-203.7380633,0,0,0,1
-103,-203.2835211,0,0,0,1
-104,-202.7739317,0,0,0,1
-105,-202.2173116,0,0,0,1
-106,-201.622559,0,0,0,1
-107,-200.9993195,0,0,0,1
-108,-200.3578354,0,0,0,1
-109,-199.7087822,0,0,0,1
-110,-199.0630934,0,0,0,1
-111,-198.4317777,0,0,0,1
-112,-197.8257303,0,0,0,1
-113,-197.2555424,0,0,0,1
-114,-196.7313118,0,0,0,1
-115,-196.2624584,0,0,0,1
-116,-195.8575468,0,0,0,1
-117,-195.5241218,0,0,0,1
-118,-195.2685565,0,0,0,1
-119,-195.0959204,0,0,0,1
-120,-195.0098664,0,0,0,1
-121,-195.0125415,0,0,0,1
-122,-195.104524,0,0,0,1
-123,-195.284786,0,0,0,1
-124,-195.5506865,0,0,0,1
-125,-195.8979928,0,0,0,1
-126,-196.3209325,0,0,0,1
-127,-196.8122749,0,0,0,1
-128,-197.3634412,0,0,0,1
-129,-197.9646428,0,0,0,1
-130,-198.6050445,0,0,0,1
-131,-199.2729519,0,0,0,1
-132,-199.9560183,0,0,0,1
-133,-200.6414683,0,0,0,1
-134,-201.3163347,0,0,0,1
-135,-201.9677041,0,0,0,1
-136,-202.5829655,0,0,0,1
-137,-203.1500595,0,0,0,1
-138,-203.6577206,0,0,0,1
-139,-204.0957102,0,0,0,1
-140,-204.4550326,0,0,0,1
-141,-204.7281324,0,0,0,1
-142,-204.909066,0,0,0,1
-143,-204.9936453,0,0,0,1
-144,-204.9795483,0,0,0,1
-145,-204.8663958,0,0,0,1
-146,-204.6557884,0,0,0,1
-147,-204.3513057,0,0,0,1
-148,-203.9584646,0,0,0,1
-149,-203.4846366,0,0,0,1
-150,-202.9389263,0,0,0,1
-151,-202.3320104,0,0,0,1
-152,-201.6759424,0,0,0,1
-153,-200.9839235,0,0,0,1
-154,-200.2700455,0,0,0,1
-155,-199.5490098,0,0,0,1
-156,-198.8358282,0,0,0,1
-157,-198.1455108,0,0,0,1
-158,-197.4927483,0,0,0,1
-159,-196.8915946,0,0,0,1
-160,-196.3551569,0,0,0,1
-161,-195.8953001,0,0,0,1
-162,-195.5223728,0,0,0,1
-163,-195.2449602,0,0,0,1
-164,-195.069671,0,0,0,1
-165,-195.0009638,0,0,0,1
-166,-195.0410171,0,0,0,1
-167,-195.1896473,0,0,0,1
-168,-195.4442773,0,0,0,1
-169,-195.7999583,0,0,0,1
-170,-196.2494447,0,0,0,1
-171,-196.7833219,0,0,0,1
-172,-197.3901863,0,0,0,1
-173,-198.0568726,0,0,0,1
-174,-198.7687261,0,0,0,1
-175,-199.5099143,0,0,0,1
-176,-200.2637713,0,0,0,1
-177,-201.0131674,0,0,0,1
-178,-201.740897,0,0,0,1
-179,-202.4300755,0,0,0,1
-180,-203.0645353,0,0,0,1
-181,-203.6292138,0,0,0,1
-182,-204.1105215,0,0,0,1
-183,-204.4966829,0,0,0,1
-184,-204.7780404,0,0,0,1
-185,-204.9473135,0,0,0,1
-186,-204.9998066,0,0,0,1
-187,-204.9335574,0,0,0,1
-188,-204.749424,0,0,0,1
-189,-204.4511038,0,0,0,1
-190,-204.045085,0,0,0,1
-191,-203.5405286,0,0,0,1
-192,-202.9490834,0,0,0,1
-193,-202.2846358,0,0,0,1
-194,-201.5630009,0,0,0,1
-195,-200.8015595,0,0,0,1
-196,-200.0188495,0,0,0,1
-197,-200,0,0,0,1
-198,-200,0,0,0,1
-199,-200,0,0,0,1
-200,-200,0,0,0,1
-201.570538,-199.975328,0,0,0,1
-203.139526,-199.9013364,0,0,0,1
-204.7054157,-199.7780982,0,0,0,1
-206.2666617,-199.6057351,0,0,0,1
-207.8217233,-199.384417,0,0,0,1
-209.3690657,-199.1143625,0,0,0,1
-210.9071621,-198.7958381,0,0,0,1
-212.4344944,-198.4291581,0,0,0,1
-213.9495553,-198.0146843,0,0,0,1
-215.4508497,-197.5528258,0,0,0,1
-216.936896,-197.0440384,0,0,0,1
-218.4062276,-196.4888243,0,0,0,1
-219.8573945,-195.8877313,0,0,0,1
-221.2889646,-195.2413526,0,0,0,1
-222.699525,-194.5503262,0,0,0,1
-224.0876837,-193.815334,0,0,0,1
-225.4520708,-193.0371014,0,0,0,1
-226.7913397,-192.2163963,0,0,0,1
-228.1041689,-191.3540287,0,0,0,1
-229.3892626,-190.4508497,0,0,0,1
-230.6453527,-189.5077506,0,0,0,1
-231.8711995,-188.5256621,0,0,0,1
-233.0655933,-187.5055535,0,0,0,1
-234.2273553,-186.4484314,0,0,0,1
-235.3553391,-185.3553391,0,0,0,1
-236.4484314,-184.2273553,0,0,0,1
-237.5055535,-183.0655933,0,0,0,1
-238.5256621,-181.8711995,0,0,0,1
-239.5077506,-180.6453527,0,0,0,1
-240.4508497,-179.3892626,0,0,0,1
-241.3540287,-178.1041689,0,0,0,1
-242.2163963,-176.7913397,0,0,0,1
-243.0371014,-175.4520708,0,0,0,1
-243.815334,-174.0876837,0,0,0,1
-244.5503262,-172.699525,0,0,0,1
-245.2413526,-171.2889646,0,0,0,1
-245.8877313,-169.8573945,0,0,0,1
-246.4888243,-168.4062276,0,0,0,1
-247.0440384,-166.936896,0,0,0,1
-247.5528258,-165.4508497,0,0,0,1
-248.0146843,-163.9495553,0,0,0,1
-248.4291581,-162.4344944,0,0,0,1
-248.7958381,-160.9071621,0,0,0,1
-249.1143625,-159.3690657,0,0,0,1
-249.384417,-157.8217233,0,0,0,1
-249.6057351,-156.2666617,0,0,0,1
-249.7780982,-154.7054157,0,0,0,1
-249.9013364,-153.139526,0,0,0,1
-249.975328,-151.570538,0,0,0,1
-250,-150,0,0,0,1
-250.024672,-148.429462,0,0,0,1
-250.0986636,-146.860474,0,0,0,1
-250.2219018,-145.2945843,0,0,0,1
-250.3942649,-143.7333383,0,0,0,1
-250.615583,-142.1782767,0,0,0,1
-250.8856375,-140.6309343,0,0,0,1
-251.2041619,-139.0928379,0,0,0,1
-251.5708419,-137.5655056,0,0,0,1
-251.9853157,-136.0504447,0,0,0,1
-252.4471742,-134.5491503,0,0,0,1
-252.9559616,-133.063104,0,0,0,1
-253.5111757,-131.5937724,0,0,0,1
-254.1122687,-130.1426055,0,0,0,1
-254.7586474,-128.7110354,0,0,0,1
-255.4496738,-127.300475,0,0,0,1
-256.184666,-125.9123163,0,0,0,1
-256.9628986,-124.5479292,0,0,0,1
-257.7836037,-123.2086603,0,0,0,1
-258.6459713,-121.8958311,0,0,0,1
-259.5491503,-120.6107374,0,0,0,1
-260.4922494,-119.3546473,0,0,0,1
-261.4743379,-118.1288005,0,0,0,1
-262.4944465,-116.9344067,0,0,0,1
-263.5515686,-115.7726447,0,0,0,1
-264.6446609,-114.6446609,0,0,0,1
-265.7726447,-113.5515686,0,0,0,1
-266.9344067,-112.4944465,0,0,0,1
-268.1288005,-111.4743379,0,0,0,1
-269.3546473,-110.4922494,0,0,0,1
-270.6107374,-109.5491503,0,0,0,1
-271.8958311,-108.6459713,0,0,0,1
-273.2086603,-107.7836037,0,0,0,1
-274.5479292,-106.9628986,0,0,0,1
-275.9123163,-106.184666,0,0,0,1
-277.300475,-105.4496738,0,0,0,1
-278.7110354,-104.7586474,0,0,0,1
-280.1426055,-104.1122687,0,0,0,1
-281.5937724,-103.5111757,0,0,0,1
-283.063104,-102.9559616,0,0,0,1
-284.5491503,-102.4471742,0,0,0,1
-286.0504447,-101.9853157,0,0,0,1
-287.5655056,-101.5708419,0,0,0,1
-289.0928379,-101.2041619,0,0,0,1
-290.6309343,-100.8856375,0,0,0,1
-292.1782767,-100.615583,0,0,0,1
-293.7333383,-100.3942649,0,0,0,1
-295.2945843,-100.2219018,0,0,0,1
-296.860474,-100.0986636,0,0,0,1
-298.429462,-100.024672,0,0,0,1
-300,-100,0,0,0,1
-301.570538,-99.97532802,0,0,0,1
-303.139526,-99.90133642,0,0,0,1
-304.7054157,-99.77809823,0,0,0,1
-306.2666617,-99.60573507,0,0,0,1
-307.8217233,-99.38441703,0,0,0,1
-309.3690657,-99.11436254,0,0,0,1
-310.9071621,-98.7958381,0,0,0,1
-312.4344944,-98.42915806,0,0,0,1
-313.9495553,-98.01468428,0,0,0,1
-315.4508497,-97.55282581,0,0,0,1
-316.936896,-97.04403845,0,0,0,1
-318.4062276,-96.48882429,0,0,0,1
-319.8573945,-95.88773128,0,0,0,1
-321.2889646,-95.24135262,0,0,0,1
-322.699525,-94.55032621,0,0,0,1
-324.0876837,-93.815334,0,0,0,1
-325.4520708,-93.03710135,0,0,0,1
-326.7913397,-92.21639628,0,0,0,1
-328.1041689,-91.35402871,0,0,0,1
-329.3892626,-90.45084972,0,0,0,1
-330.6453527,-89.50775062,0,0,0,1
-331.8711995,-88.52566214,0,0,0,1
-333.0655933,-87.50555348,0,0,0,1
-334.2273553,-86.44843137,0,0,0,1
-335.3553391,-85.35533906,0,0,0,1
-336.4484314,-84.2273553,0,0,0,1
-337.5055535,-83.06559327,0,0,0,1
-338.5256621,-81.87119949,0,0,0,1
-339.5077506,-80.64535268,0,0,0,1
-340.4508497,-79.38926261,0,0,0,1
-341.3540287,-78.10416889,0,0,0,1
-342.2163963,-76.79133975,0,0,0,1
-343.0371014,-75.45207079,0,0,0,1
-343.815334,-74.08768371,0,0,0,1
-344.5503262,-72.69952499,0,0,0,1
-345.2413526,-71.28896458,0,0,0,1
-345.8877313,-69.85739453,0,0,0,1
-346.4888243,-68.40622763,0,0,0,1
-347.0440384,-66.93689601,0,0,0,1
-347.5528258,-65.45084972,0,0,0,1
-348.0146843,-63.9495553,0,0,0,1
-348.4291581,-62.43449436,0,0,0,1
-348.7958381,-60.90716207,0,0,0,1
-349.1143625,-59.36906573,0,0,0,1
-349.384417,-57.82172325,0,0,0,1
-349.6057351,-56.26666168,0,0,0,1
-349.7780982,-54.70541567,0,0,0,1
-349.9013364,-53.13952598,0,0,0,1
-349.975328,-51.57053795,0,0,0,1
-350,-50,0,0,0,1
-349.975328,-48.42946205,0,0,0,1
-349.9013364,-46.86047402,0,0,0,1
-349.7780982,-45.29458433,0,0,0,1
-349.6057351,-43.73333832,0,0,0,1
-349.384417,-42.17827675,0,0,0,1
-349.1143625,-40.63093427,0,0,0,1
-348.7958381,-39.09283793,0,0,0,1
-348.4291581,-37.56550564,0,0,0,1
-348.0146843,-36.0504447,0,0,0,1
-347.5528258,-34.54915028,0,0,0,1
-347.0440384,-33.06310399,0,0,0,1
-346.4888243,-31.59377237,0,0,0,1
-345.8877313,-30.14260547,0,0,0,1
-345.2413526,-28.71103542,0,0,0,1
-344.5503262,-27.30047501,0,0,0,1
-343.815334,-25.91231629,0,0,0,1
-343.0371014,-24.54792921,0,0,0,1
-342.2163963,-23.20866025,0,0,0,1
-341.3540287,-21.89583111,0,0,0,1
-340.4508497,-20.61073739,0,0,0,1
-339.5077506,-19.35464732,0,0,0,1
-338.5256621,-18.12880051,0,0,0,1
-337.5055535,-16.93440673,0,0,0,1
-336.4484314,-15.7726447,0,0,0,1
-335.3553391,-14.64466094,0,0,0,1
-334.2273553,-13.55156863,0,0,0,1
-333.0655933,-12.49444652,0,0,0,1
-331.8711995,-11.47433786,0,0,0,1
-330.6453527,-10.49224938,0,0,0,1
-329.3892626,-9.549150281,0,0,0,1
-328.1041689,-8.645971286,0,0,0,1
-326.7913397,-7.783603725,0,0,0,1
-325.4520708,-6.96289865,0,0,0,1
-324.0876837,-6.184665998,0,0,0,1
-322.699525,-5.449673791,0,0,0,1
-321.2889646,-4.758647377,0,0,0,1
-319.8573945,-4.112268716,0,0,0,1
-318.4062276,-3.511175706,0,0,0,1
-316.936896,-2.955961552,0,0,0,1
-315.4508497,-2.447174185,0,0,0,1
-313.9495553,-1.985315716,0,0,0,1
-312.4344944,-1.570841944,0,0,0,1
-310.9071621,-1.204161903,0,0,0,1
-309.3690657,-0.885637464,0,0,0,1
-307.8217233,-0.61558297,0,0,0,1
-306.2666617,-0.394264934,0,0,0,1
-304.7054157,-0.22190177,0,0,0,1
-303.139526,-0.098663579,0,0,0,1
-301.570538,-0.024671982,0,0,0,1
-300,0,0,0,0,1
-290,0,0,0,0,1
-280,0,0,0,0,1
-270,0,0,0,0,1
-260,0,0,0,0,1
-250,0,0,0,0,1
-240,0,0,0,0,1
-230,0,0,0,0,1
-220,0,0,0,0,1
-210,0,0,0,0,1
-200,0,0,0,0,1
-199,4,0,0,0,1
-198,4,0,0,0,1
-197,4,0,0,0,1
-196,4,0,0,0,1
-195,4,0,0,0,1
-194,4,0,0,0,1
-193,4,0,0,0,1
-192,4,0,0,0,1
-191,4,0,0,0,1
-190,4,0,0,0,1
-189,4,0,0,0,1
-188,4,0,0,0,1
-187,4,0,0,0,1
-186,4,0,0,0,1
-185,4,0,0,0,1
-184,4,0,0,0,1
-183,4,0,0,0,1
-182,4,0,0,0,1
-181,4,0,0,0,1
-180,4,0,0,0,1
-179,4,0,0,0,1
-178,4,0,0,0,1
-177,4,0,0,0,1
-176,4,0,0,0,1
-175,4,0,0,0,1
-174,4,0,0,0,1
-173,4,0,0,0,1
-172,4,0,0,0,1
-171,4,0,0,0,1
-170,4,0,0,0,1
-169,4,0,0,0,1
-168,4,0,0,0,1
-167,4,0,0,0,1
-166,4,0,0,0,1
-165,4,0,0,0,1
-164,4,0,0,0,1
-163,4,0,0,0,1
-162,4,0,0,0,1
-161,4,0,0,0,1
-160,4,0,0,0,1
-159,4,0,0,0,1
-158,4,0,0,0,1
-157,4,0,0,0,1
-156,4,0,0,0,1
-155,4,0,0,0,1
-154,4,0,0,0,1
-153,4,0,0,0,1
-152,4,0,0,0,1
-151,4,0,0,0,1
-150,4,0,0,0,1
-149,0,0,0,0,1
-148,0,0,0,0,1
-147,0,0,0,0,1
-146,0,0,0,0,1
-145,0,0,0,0,1
-144,0,0,0,0,1
-143,0,0,0,0,1
-142,0,0,0,0,1
-141,0,0,0,0,1
-140,0,0,0,0,1
-139,0,0,0,0,1
-138,0,0,0,0,1
-137,0,0,0,0,1
-136,0,0,0,0,1
-135,0,0,0,0,1
-134,0,0,0,0,1
-133,0,0,0,0,1
-132,0,0,0,0,1
-131,0,0,0,0,1
-130,0,0,0,0,1
-129,0,0,0,0,1
-128,0,0,0,0,1
-127,0,0,0,0,1
-126,0,0,0,0,1
-125,0,0,0,0,1
-124,0,0,0,0,1
-123,0,0,0,0,1
-122,0,0,0,0,1
-121,0,0,0,0,1
-120,0,0,0,0,1
-119,0,0,0,0,1
-118,0,0,0,0,1
-117,0,0,0,0,1
-116,0,0,0,0,1
-115,0,0,0,0,1
-114,0,0,0,0,1
-113,0,0,0,0,1
-112,0,0,0,0,1
-111,0,0,0,0,1
-110,0,0,0,0,1
-109,0,0,0,0,1
-108,0,0,0,0,1
-107,0,0,0,0,1
-106,0,0,0,0,1
-105,0,0,0,0,1
-104,0,0,0,0,1
-103,0,0,0,0,1
-102,0,0,0,0,1
-101,0,0,0,0,1
-100,0,0,0,0,1
-99,4,0,0,0,1
-98,4,0,0,0,1
-97,4,0,0,0,1
-96,4,0,0,0,1
-95,4,0,0,0,1
-94,4,0,0,0,1
-93,4,0,0,0,1
-92,4,0,0,0,1
-91,4,0,0,0,1
-90,4,0,0,0,1
-89,4,0,0,0,1
-88,4,0,0,0,1
-87,4,0,0,0,1
-86,4,0,0,0,1
-85,4,0,0,0,1
-84,4,0,0,0,1
-83,4,0,0,0,1
-82,4,0,0,0,1
-81,4,0,0,0,1
-80,4,0,0,0,1
-79,4,0,0,0,1
-78,4,0,0,0,1
-77,4,0,0,0,1
-76,4,0,0,0,1
-75,4,0,0,0,1
-74,4,0,0,0,1
-73,4,0,0,0,1
-72,4,0,0,0,1
-71,4,0,0,0,1
-70,4,0,0,0,1
-69,4,0,0,0,1
-68,4,0,0,0,1
-67,4,0,0,0,1
-66,4,0,0,0,1
-65,4,0,0,0,1
-64,4,0,0,0,1
-63,4,0,0,0,1
-62,4,0,0,0,1
-61,4,0,0,0,1
-60,4,0,0,0,1
-59,4,0,0,0,1
-58,4,0,0,0,1
-57,4,0,0,0,1
-56,4,0,0,0,1
-55,4,0,0,0,1
-54,4,0,0,0,1
-53,4,0,0,0,1
-52,4,0,0,0,1
-51,4,0,0,0,1
-50,4,0,0,0,1
-49,0,0,0,0,1
-48,0,0,0,0,1
-47,0,0,0,0,1
-46,0,0,0,0,1
-45,0,0,0,0,1
-44,0,0,0,0,1
-43,0,0,0,0,1
-42,0,0,0,0,1
-41,0,0,0,0,1
-40,0,0,0,0,1
-39,0,0,0,0,1
-38,0,0,0,0,1
-37,0,0,0,0,1
-36,0,0,0,0,1
-35,0,0,0,0,1
-34,0,0,0,0,1
-33,0,0,0,0,1
-32,0,0,0,0,1
-31,0,0,0,0,1
-30,0,0,0,0,1
-29,0,0,0,0,1
-28,0,0,0,0,1
-27,0,0,0,0,1
-26,0,0,0,0,1
-25,0,0,0,0,1
-24,0,0,0,0,1
-23,0,0,0,0,1
-22,0,0,0,0,1
-21,0,0,0,0,1
-20,0,0,0,0,1
-19,0,0,0,0,1
-18,0,0,0,0,1
-17,0,0,0,0,1
-16,0,0,0,0,1
-15,0,0,0,0,1
-14,0,0,0,0,1
-13,0,0,0,0,1
-12,0,0,0,0,1
-11,0,0,0,0,1
-10,0,0,0,0,1
-9,0,0,0,0,1
-8,0,0,0,0,1
-7,0,0,0,0,1
-6,0,0,0,0,1
-5,0,0,0,0,1
-4,0,0,0,0,1
-3,0,0,0,0,1
-2,0,0,0,0,1
-1,0,0,0,0,1
